lat_deg,lat_min,long_deg,long_min,bearing,speed
42,16.521318435668945,-83,-43.78168869018555,187.57586669921875,-1.0
42,16.521318435668945,-83,-43.78168869018555,187.66546630859375,-1.0
42,16.521318435668945,-83,-43.78168869018555,187.740478515625,-1.0
42,16.521318435668945,-83,-43.78168869018555,188.154052734375,-1.0
42,16.521318435668945,-83,-43.78168869018555,187.751953125,-1.0
42,16.521318435668945,-83,-43.78168869018555,188.142822265625,-1.0
42,16.521318435668945,-83,-43.78168869018555,188.40887451171875,-1.0
42,16.521318435668945,-83,-43.78168869018555,188.6854248046875,-1.0
42,16.521318435668945,-83,-43.78168869018555,189.336669921875,-1.0
42,16.521318435668945,-83,-43.78168869018555,189.6148681640625,-1.0
42,16.521318435668945,-83,-43.78168869018555,189.3021240234375,-1.0
42,16.521318435668945,-83,-43.78168869018555,189.6170654296875,-1.0
42,16.521318435668945,-83,-43.78168869018555,189.62921142578125,-1.0
42,16.521318435668945,-83,-43.78168869018555,189.47076416015625,-1.0
42,16.521318435668945,-83,-43.78168869018555,189.76385498046875,-1.0
42,16.521318435668945,-83,-43.78168869018555,189.35577392578125,-1.0
42,16.521318435668945,-83,-43.78168869018555,189.5845947265625,-1.0
42,16.521318435668945,-83,-43.78168869018555,189.5145263671875,-1.0
42,16.521318435668945,-83,-43.78168869018555,189.693359375,-1.0
42,16.521318435668945,-83,-43.78168869018555,189.4368896484375,-1.0
42,16.521318435668945,-83,-43.78168869018555,189.4873046875,-1.0
42,16.521318435668945,-83,-43.78168869018555,189.6881103515625,-1.0
42,16.521318435668945,-83,-43.78168869018555,189.51611328125,-1.0
42,16.521318435668945,-83,-43.78168869018555,189.89361572265625,-1.0
42,16.521318435668945,-83,-43.78168869018555,189.91790771484375,-1.0
42,16.521318435668945,-83,-43.78168869018555,190.3486328125,-1.0
42,16.521318435668945,-83,-43.78168869018555,190.13323974609375,-1.0
42,16.521318435668945,-83,-43.78168869018555,190.257080078125,-1.0
42,16.521318435668945,-83,-43.78168869018555,189.839111328125,-1.0
42,16.521318435668945,-83,-43.78168869018555,189.8533935546875,-1.0
42,16.521318435668945,-83,-43.78168869018555,190.0211181640625,-1.0
42,16.521318435668945,-83,-43.78168869018555,189.8873291015625,-1.0
42,16.521318435668945,-83,-43.78168869018555,190.48992919921875,-1.0
42,16.521318435668945,-83,-43.78168869018555,190.2005615234375,-1.0
42,16.521318435668945,-83,-43.78168869018555,189.91522216796875,-1.0
42,16.521318435668945,-83,-43.78168869018555,190.564697265625,-1.0
42,16.521318435668945,-83,-43.78168869018555,190.8228759765625,-1.0
42,16.521318435668945,-83,-43.78168869018555,190.63037109375,-1.0
42,16.521318435668945,-83,-43.78168869018555,190.53912353515625,-1.0
42,16.521318435668945,-83,-43.78168869018555,190.25836181640625,-1.0
42,16.521318435668945,-83,-43.78168869018555,190.578125,-1.0
42,16.521318435668945,-83,-43.78168869018555,190.81939697265625,-1.0
42,16.521318435668945,-83,-43.78168869018555,190.48516845703125,-1.0
42,16.521318435668945,-83,-43.78168869018555,190.7490234375,-1.0
42,16.521318435668945,-83,-43.78168869018555,190.62689208984375,-1.0
42,16.521318435668945,-83,-43.78168869018555,191.1912841796875,-1.0
42,16.521318435668945,-83,-43.78168869018555,191.17486572265625,-1.0
42,16.521318435668945,-83,-43.78168869018555,190.8656005859375,-1.0
42,16.521318435668945,-83,-43.78168869018555,191.060546875,-1.0
42,16.521318435668945,-83,-43.78168869018555,191.194091796875,-1.0
42,16.521318435668945,-83,-43.78168869018555,191.31573486328125,-1.0
42,16.521318435668945,-83,-43.78168869018555,191.12261962890625,-1.0
42,16.521318435668945,-83,-43.78168869018555,191.0936279296875,-1.0
42,16.521318435668945,-83,-43.78168869018555,191.158447265625,-1.0
42,16.521318435668945,-83,-43.78168869018555,191.0738525390625,-1.0
42,16.521318435668945,-83,-43.78168869018555,190.901123046875,-1.0
42,16.521318435668945,-83,-43.78168869018555,191.12420654296875,-1.0
42,16.521318435668945,-83,-43.78168869018555,191.13299560546875,-1.0
42,16.521318435668945,-83,-43.78168869018555,190.9892578125,-1.0
42,16.521318435668945,-83,-43.78168869018555,190.77593994140625,-1.0
42,16.521318435668945,-83,-43.78168869018555,191.2166748046875,-1.0
42,16.521318435668945,-83,-43.78168869018555,190.99932861328125,-1.0
42,16.521318435668945,-83,-43.78168869018555,191.4085693359375,-1.0
42,16.521318435668945,-83,-43.78168869018555,191.0693359375,-1.0
42,16.521318435668945,-83,-43.78168869018555,191.39935302734375,-1.0
42,16.521318435668945,-83,-43.78168869018555,191.2352294921875,-1.0
42,16.521318435668945,-83,-43.78168869018555,191.3868408203125,-1.0
42,16.521318435668945,-83,-43.78168869018555,190.96014404296875,-1.0
42,16.521318435668945,-83,-43.78168869018555,192.15142822265625,-1.0
42,16.521318435668945,-83,-43.78168869018555,191.3795166015625,-1.0
42,16.521318435668945,-83,-43.78168869018555,191.8291015625,-1.0
42,16.521318435668945,-83,-43.78168869018555,191.67376708984375,-1.0
42,16.521318435668945,-83,-43.78168869018555,191.5989990234375,-1.0
42,16.521318435668945,-83,-43.78168869018555,191.66455078125,-1.0
42,16.521318435668945,-83,-43.78168869018555,191.48321533203125,-1.0
42,16.521318435668945,-83,-43.78168869018555,192.17523193359375,-1.0
42,16.521318435668945,-83,-43.78168869018555,191.69744873046875,-1.0
42,16.521318435668945,-83,-43.78168869018555,192.1162109375,-1.0
42,16.521318435668945,-83,-43.78168869018555,191.8304443359375,-1.0
42,16.521318435668945,-83,-43.78168869018555,191.5140380859375,-1.0
42,16.521318435668945,-83,-43.78168869018555,191.374755859375,-1.0
42,16.521318435668945,-83,-43.78168869018555,190.6922607421875,-1.0
42,16.521318435668945,-83,-43.78168869018555,190.84490966796875,-1.0
42,16.521318435668945,-83,-43.78168869018555,190.968505859375,-1.0
42,16.521318435668945,-83,-43.78168869018555,191.0672607421875,-1.0
42,16.521318435668945,-83,-43.78168869018555,191.1798095703125,-1.0
42,16.521318435668945,-83,-43.78168869018555,191.08587646484375,-1.0
42,16.521318435668945,-83,-43.78168869018555,191.0335693359375,-1.0
42,16.521318435668945,-83,-43.78168869018555,191.0618896484375,-1.0
42,16.521318435668945,-83,-43.78168869018555,191.21240234375,-1.0
42,16.521318435668945,-83,-43.78168869018555,191.03729248046875,-1.0
42,16.521318435668945,-83,-43.78168869018555,191.15301513671875,-1.0
42,16.521318435668945,-83,-43.78168869018555,191.1778564453125,-1.0
42,16.521318435668945,-83,-43.78168869018555,191.00408935546875,-1.0
42,16.521318435668945,-83,-43.78168869018555,191.07110595703125,-1.0
42,16.521318435668945,-83,-43.78168869018555,191.2352294921875,-1.0
42,16.521318435668945,-83,-43.78168869018555,191.28125,-1.0
42,16.521318435668945,-83,-43.78168869018555,191.244384765625,-1.0
42,16.521318435668945,-83,-43.78168869018555,191.19970703125,-1.0
42,16.521318435668945,-83,-43.78168869018555,191.15167236328125,-1.0
42,16.521318435668945,-83,-43.78168869018555,191.132080078125,-1.0
42,16.521318435668945,-83,-43.78168869018555,191.1978759765625,-1.0
42,16.521318435668945,-83,-43.78168869018555,191.0369873046875,-1.0
42,16.521318435668945,-83,-43.78168869018555,191.4071044921875,-1.0
42,16.521318435668945,-83,-43.78168869018555,191.2650146484375,-1.0
42,16.521318435668945,-83,-43.78168869018555,191.13360595703125,-1.0
42,16.521318435668945,-83,-43.78168869018555,191.2960205078125,-1.0
42,16.521318435668945,-83,-43.78168869018555,191.11669921875,-1.0
42,16.521318435668945,-83,-43.78168869018555,191.42376708984375,-1.0
42,16.521318435668945,-83,-43.78168869018555,191.34527587890625,-1.0
42,16.521318435668945,-83,-43.78168869018555,191.251220703125,-1.0
42,16.521318435668945,-83,-43.78168869018555,191.54144287109375,-1.0
42,16.521318435668945,-83,-43.78168869018555,191.36224365234375,-1.0
42,16.521318435668945,-83,-43.78168869018555,191.4078369140625,-1.0
42,16.521318435668945,-83,-43.78168869018555,191.2698974609375,-1.0
42,16.521318435668945,-83,-43.78168869018555,191.49334716796875,-1.0
42,16.521318435668945,-83,-43.78168869018555,191.5733642578125,-1.0
42,16.521318435668945,-83,-43.78168869018555,191.3370361328125,-1.0
42,16.521318435668945,-83,-43.78168869018555,191.392578125,-1.0
42,16.521318435668945,-83,-43.78168869018555,191.4129638671875,-1.0
42,16.521318435668945,-83,-43.78168869018555,191.38861083984375,-1.0
42,16.521318435668945,-83,-43.78168869018555,191.597900390625,-1.0
42,16.521318435668945,-83,-43.78168869018555,191.50860595703125,-1.0
42,16.521318435668945,-83,-43.78168869018555,191.23248291015625,-1.0
42,16.521318435668945,-83,-43.78168869018555,191.6070556640625,-1.0
42,16.521318435668945,-83,-43.78168869018555,191.6002197265625,-1.0
42,16.521318435668945,-83,-43.78168869018555,191.566650390625,-1.0
42,16.521318435668945,-83,-43.78168869018555,191.73712158203125,-1.0
42,16.521318435668945,-83,-43.78168869018555,191.55767822265625,-1.0
42,16.521318435668945,-83,-43.78168869018555,191.7340087890625,-1.0
42,16.521318435668945,-83,-43.78168869018555,191.7327880859375,-1.0
42,16.521318435668945,-83,-43.78168869018555,191.89825439453125,-1.0
42,16.521318435668945,-83,-43.78168869018555,191.66534423828125,-1.0
42,16.521318435668945,-83,-43.78168869018555,191.67364501953125,-1.0
42,16.521318435668945,-83,-43.78168869018555,191.712890625,-1.0
42,16.521318435668945,-83,-43.78168869018555,191.9178466796875,-1.0
42,16.521318435668945,-83,-43.78168869018555,191.9283447265625,-1.0
42,16.521318435668945,-83,-43.78168869018555,191.91375732421875,-1.0
42,16.521318435668945,-83,-43.78168869018555,191.94390869140625,-1.0
42,16.521318435668945,-83,-43.78168869018555,191.7825927734375,-1.0
42,16.521318435668945,-83,-43.78168869018555,191.9134521484375,-1.0
42,16.521318435668945,-83,-43.78168869018555,191.931884765625,-1.0
42,16.521318435668945,-83,-43.78168869018555,191.9052734375,-1.0
42,16.521318435668945,-83,-43.78168869018555,191.8795166015625,-1.0
42,16.521318435668945,-83,-43.78168869018555,192.0726318359375,-1.0
42,16.521318435668945,-83,-43.78168869018555,192.14111328125,-1.0
42,16.521318435668945,-83,-43.78168869018555,191.7977294921875,-1.0
42,16.521318435668945,-83,-43.78168869018555,191.6103515625,-1.0
42,16.521318435668945,-83,-43.78168869018555,191.856689453125,-1.0
42,16.521318435668945,-83,-43.78168869018555,191.9849853515625,-1.0
42,16.521318435668945,-83,-43.78168869018555,191.833984375,-1.0
42,16.521318435668945,-83,-43.78168869018555,191.8753662109375,-1.0
42,16.521318435668945,-83,-43.78168869018555,192.08447265625,-1.0
42,16.521318435668945,-83,-43.78168869018555,192.18438720703125,-1.0
42,16.521318435668945,-83,-43.78168869018555,192.06109619140625,-1.0
42,16.521318435668945,-83,-43.78168869018555,191.9918212890625,-1.0
42,16.521318435668945,-83,-43.78168869018555,192.0892333984375,-1.0
42,16.521318435668945,-83,-43.78168869018555,192.00665283203125,-1.0
42,16.521318435668945,-83,-43.78168869018555,192.00079345703125,-1.0
42,16.521318435668945,-83,-43.78168869018555,192.09588623046875,-1.0
42,16.521318435668945,-83,-43.78168869018555,192.04449462890625,-1.0
42,16.521318435668945,-83,-43.78168869018555,191.883056640625,-1.0
42,16.521318435668945,-83,-43.78168869018555,192.02191162109375,-1.0
42,16.521318435668945,-83,-43.78168869018555,191.97021484375,-1.0
42,16.521318435668945,-83,-43.78168869018555,192.0147705078125,-1.0
42,16.521318435668945,-83,-43.78168869018555,192.119873046875,-1.0
42,16.521318435668945,-83,-43.78168869018555,191.9822998046875,-1.0
42,16.521318435668945,-83,-43.78168869018555,191.805419921875,-1.0
42,16.521318435668945,-83,-43.78168869018555,192.1173095703125,-1.0
42,16.521318435668945,-83,-43.78168869018555,192.15447998046875,-1.0
42,16.521318435668945,-83,-43.78168869018555,191.9495849609375,-1.0
42,16.521318435668945,-83,-43.78168869018555,192.04449462890625,-1.0
42,16.521318435668945,-83,-43.78168869018555,191.99609375,-1.0
42,16.521318435668945,-83,-43.78168869018555,192.0850830078125,-1.0
42,16.521318435668945,-83,-43.78168869018555,191.8128662109375,-1.0
42,16.521318435668945,-83,-43.78168869018555,192.1363525390625,-1.0
42,16.521318435668945,-83,-43.78168869018555,192.17474365234375,-1.0
42,16.521318435668945,-83,-43.78168869018555,192.178466796875,-1.0
42,16.521318435668945,-83,-43.78168869018555,192.2960205078125,-1.0
42,16.521318435668945,-83,-43.78168869018555,192.2431640625,-1.0
42,16.521318435668945,-83,-43.78168869018555,192.0296630859375,-1.0
42,16.521318435668945,-83,-43.78168869018555,192.20452880859375,-1.0
42,16.521318435668945,-83,-43.78168869018555,192.09197998046875,-1.0
42,16.521318435668945,-83,-43.78168869018555,191.9195556640625,-1.0
42,16.521318435668945,-83,-43.78168869018555,192.340576171875,-1.0
42,16.521318435668945,-83,-43.78168869018555,191.9954833984375,-1.0
42,16.521318435668945,-83,-43.78168869018555,192.26318359375,-1.0
42,16.521318435668945,-83,-43.78168869018555,192.2197265625,-1.0
42,16.521318435668945,-83,-43.78168869018555,192.31695556640625,-1.0
42,16.521318435668945,-83,-43.78168869018555,192.36944580078125,-1.0
42,16.521318435668945,-83,-43.78168869018555,192.210205078125,-1.0
42,16.521318435668945,-83,-43.78168869018555,192.224609375,-1.0
42,16.521318435668945,-83,-43.78168869018555,192.5072021484375,-1.0
42,16.521318435668945,-83,-43.78168869018555,192.38323974609375,-1.0
42,16.521318435668945,-83,-43.78168869018555,192.3197021484375,-1.0
42,16.521318435668945,-83,-43.78168869018555,192.3355712890625,-1.0
42,16.521318435668945,-83,-43.78168869018555,192.50592041015625,-1.0
42,16.521318435668945,-83,-43.78168869018555,192.32733154296875,-1.0
42,16.521318435668945,-83,-43.78168869018555,192.53411865234375,-1.0
42,16.521318435668945,-83,-43.78168869018555,192.1793212890625,-1.0
42,16.521318435668945,-83,-43.78168869018555,192.24285888671875,-1.0
42,16.521318435668945,-83,-43.78168869018555,192.156982421875,-1.0
42,16.521318435668945,-83,-43.78168869018555,192.4417724609375,-1.0
42,16.521318435668945,-83,-43.78168869018555,192.4969482421875,-1.0
42,16.521318435668945,-83,-43.78168869018555,192.260009765625,-1.0
42,16.521318435668945,-83,-43.78168869018555,192.09661865234375,-1.0
42,16.521318435668945,-83,-43.78168869018555,192.50775146484375,-1.0
42,16.521318435668945,-83,-43.78168869018555,192.304443359375,-1.0
42,16.521318435668945,-83,-43.78168869018555,192.33154296875,-1.0
42,16.521318435668945,-83,-43.78168869018555,192.67327880859375,-1.0
42,16.521318435668945,-83,-43.78168869018555,192.27496337890625,-1.0
42,16.521318435668945,-83,-43.78168869018555,192.4305419921875,-1.0
42,16.521318435668945,-83,-43.78168869018555,192.28814697265625,-1.0
42,16.521318435668945,-83,-43.78168869018555,192.53125,-1.0
42,16.521318435668945,-83,-43.78168869018555,192.400390625,-1.0
42,16.521318435668945,-83,-43.78168869018555,192.4921875,-1.0
42,16.521318435668945,-83,-43.78168869018555,192.553955078125,-1.0
42,16.521318435668945,-83,-43.78168869018555,192.29046630859375,-1.0
42,16.521318435668945,-83,-43.78168869018555,192.5245361328125,-1.0
42,16.521318435668945,-83,-43.78168869018555,192.59747314453125,-1.0
42,16.521318435668945,-83,-43.78168869018555,192.40625,-1.0
42,16.521318435668945,-83,-43.78168869018555,192.50048828125,-1.0
42,16.521318435668945,-83,-43.78168869018555,192.87298583984375,-1.0
42,16.521318435668945,-83,-43.78168869018555,192.49383544921875,-1.0
42,16.521318435668945,-83,-43.78168869018555,192.6422119140625,-1.0
42,16.521318435668945,-83,-43.78168869018555,192.509521484375,-1.0
42,16.521318435668945,-83,-43.78168869018555,192.5775146484375,-1.0
42,16.521318435668945,-83,-43.78168869018555,192.42193603515625,-1.0
42,16.521318435668945,-83,-43.78168869018555,192.6710205078125,-1.0
42,16.521318435668945,-83,-43.78168869018555,192.375244140625,-1.0
42,16.521318435668945,-83,-43.78168869018555,192.2647705078125,-1.0
42,16.521318435668945,-83,-43.78168869018555,192.72161865234375,-1.0
42,16.521318435668945,-83,-43.78168869018555,192.4779052734375,-1.0
42,16.521318435668945,-83,-43.78168869018555,192.59796142578125,-1.0
42,16.521318435668945,-83,-43.78168869018555,192.5921630859375,-1.0
42,16.521318435668945,-83,-43.78168869018555,192.4647216796875,-1.0
42,16.521318435668945,-83,-43.78168869018555,192.64794921875,-1.0
42,16.521318435668945,-83,-43.78168869018555,192.7154541015625,-1.0
42,16.521318435668945,-83,-43.78168869018555,192.60113525390625,-1.0
42,16.521318435668945,-83,-43.78168869018555,192.7857666015625,-1.0
42,16.521318435668945,-83,-43.78168869018555,192.57470703125,-1.0
42,16.521318435668945,-83,-43.78168869018555,192.9404296875,-1.0
42,16.521318435668945,-83,-43.78168869018555,192.864990234375,-1.0
42,16.521318435668945,-83,-43.78168869018555,192.6104736328125,-1.0
42,16.521318435668945,-83,-43.78168869018555,192.8045654296875,-1.0
42,16.521318435668945,-83,-43.78168869018555,192.7215576171875,-1.0
42,16.521318435668945,-83,-43.78168869018555,192.7969970703125,-1.0
42,16.521318435668945,-83,-43.78168869018555,192.8013916015625,-1.0
42,16.521318435668945,-83,-43.78168869018555,192.54437255859375,-1.0
42,16.521318435668945,-83,-43.78168869018555,192.73919677734375,-1.0
42,16.521318435668945,-83,-43.78168869018555,192.4139404296875,-1.0
42,16.521318435668945,-83,-43.78168869018555,193.19036865234375,-1.0
42,16.521318435668945,-83,-43.78168869018555,193.11236572265625,-1.0
42,16.521318435668945,-83,-43.78168869018555,193.15850830078125,-1.0
42,16.521318435668945,-83,-43.78168869018555,193.2010498046875,-1.0
42,16.521318435668945,-83,-43.78168869018555,193.3101806640625,-1.0
42,16.521318435668945,-83,-43.78168869018555,193.00872802734375,-1.0
42,16.521318435668945,-83,-43.78168869018555,193.44769287109375,-1.0
42,16.521318435668945,-83,-43.78168869018555,193.39593505859375,-1.0
42,16.521318435668945,-83,-43.78168869018555,193.0943603515625,-1.0
42,16.521318435668945,-83,-43.78168869018555,193.2259521484375,-1.0
42,16.521318435668945,-83,-43.78168869018555,193.0081787109375,-1.0
42,16.521318435668945,-83,-43.78168869018555,193.64697265625,-1.0
42,16.521318435668945,-83,-43.78168869018555,193.37335205078125,-1.0
42,16.521318435668945,-83,-43.78168869018555,193.247802734375,-1.0
42,16.521318435668945,-83,-43.78168869018555,193.2208251953125,-1.0
42,16.521318435668945,-83,-43.78168869018555,193.49957275390625,-1.0
42,16.521318435668945,-83,-43.78168869018555,193.0543212890625,-1.0
42,16.521318435668945,-83,-43.78168869018555,193.188232421875,-1.0
42,16.521318435668945,-83,-43.78168869018555,193.19110107421875,-1.0
42,16.521318435668945,-83,-43.78168869018555,193.39666748046875,-1.0
42,16.521318435668945,-83,-43.78168869018555,193.5081787109375,-1.0
42,16.521318435668945,-83,-43.78168869018555,193.1787109375,-1.0
42,16.521318435668945,-83,-43.78168869018555,193.40972900390625,-1.0
42,16.521318435668945,-83,-43.78168869018555,193.31451416015625,-1.0
42,16.521318435668945,-83,-43.78168869018555,193.2296142578125,-1.0
42,16.521318435668945,-83,-43.78168869018555,193.5601806640625,-1.0
42,16.521318435668945,-83,-43.78168869018555,193.287841796875,-1.0
42,16.521318435668945,-83,-43.78168869018555,193.45001220703125,-1.0
42,16.521318435668945,-83,-43.78168869018555,193.359375,-1.0
42,16.521318435668945,-83,-43.78168869018555,192.9451904296875,-1.0
42,16.521318435668945,-83,-43.78168869018555,193.51824951171875,-1.0
42,16.521318435668945,-83,-43.78168869018555,193.47772216796875,-1.0
42,16.521318435668945,-83,-43.78168869018555,193.3096923828125,-1.0
42,16.521318435668945,-83,-43.78168869018555,193.38299560546875,-1.0
42,16.521318435668945,-83,-43.78168869018555,193.31011962890625,-1.0
42,16.521318435668945,-83,-43.78168869018555,193.30084228515625,-1.0
42,16.521318435668945,-83,-43.78168869018555,193.2774658203125,-1.0
42,16.521318435668945,-83,-43.78168869018555,193.19403076171875,-1.0
42,16.521318435668945,-83,-43.78168869018555,193.26397705078125,-1.0
42,16.521318435668945,-83,-43.78168869018555,193.519775390625,-1.0
42,16.521318435668945,-83,-43.78168869018555,193.306640625,-1.0
42,16.521318435668945,-83,-43.78168869018555,193.2254638671875,-1.0
42,16.521318435668945,-83,-43.78168869018555,193.6004638671875,-1.0
42,16.521318435668945,-83,-43.78168869018555,193.2169189453125,-1.0
42,16.521318435668945,-83,-43.78168869018555,193.33734130859375,-1.0
42,16.521318435668945,-83,-43.78168869018555,193.25732421875,-1.0
42,16.521318435668945,-83,-43.78168869018555,193.2733154296875,-1.0
42,16.521318435668945,-83,-43.78168869018555,193.4173583984375,-1.0
42,16.521318435668945,-83,-43.78168869018555,193.1876220703125,-1.0
42,16.521318435668945,-83,-43.78168869018555,193.4525146484375,-1.0
42,16.521318435668945,-83,-43.78168869018555,193.572998046875,-1.0
42,16.521318435668945,-83,-43.78168869018555,193.51275634765625,-1.0
42,16.521318435668945,-83,-43.78168869018555,193.6444091796875,-1.0
42,16.521318435668945,-83,-43.78168869018555,193.3446044921875,-1.0
42,16.521318435668945,-83,-43.78168869018555,193.38360595703125,-1.0
42,16.521318435668945,-83,-43.78168869018555,193.4453125,-1.0
42,16.521318435668945,-83,-43.78168869018555,193.3497314453125,-1.0
42,16.521318435668945,-83,-43.78168869018555,193.48248291015625,-1.0
42,16.521318435668945,-83,-43.78168869018555,193.21478271484375,-1.0
42,16.521318435668945,-83,-43.78168869018555,193.51470947265625,-1.0
42,16.521318435668945,-83,-43.78168869018555,193.248779296875,-1.0
42,16.521318435668945,-83,-43.78168869018555,193.51495361328125,-1.0
42,16.521318435668945,-83,-43.78168869018555,193.6629638671875,-1.0
42,16.521318435668945,-83,-43.78168869018555,193.355712890625,-1.0
42,16.521318435668945,-83,-43.78168869018555,193.19403076171875,-1.0
42,16.521318435668945,-83,-43.78168869018555,193.4324951171875,-1.0
42,16.521318435668945,-83,-43.78168869018555,193.53076171875,-1.0
42,16.521318435668945,-83,-43.78168869018555,193.445068359375,-1.0
42,16.521318435668945,-83,-43.78168869018555,193.3206787109375,-1.0
42,16.521318435668945,-83,-43.78168869018555,193.749755859375,-1.0
42,16.521318435668945,-83,-43.78168869018555,193.40887451171875,-1.0
42,16.521318435668945,-83,-43.78168869018555,193.431640625,-1.0
42,16.521318435668945,-83,-43.78168869018555,193.64605712890625,-1.0
42,16.521318435668945,-83,-43.78168869018555,193.5159912109375,-1.0
42,16.521318435668945,-83,-43.78168869018555,193.4522705078125,-1.0
42,16.521318435668945,-83,-43.78168869018555,193.3909912109375,-1.0
42,16.521318435668945,-83,-43.78168869018555,193.362060546875,-1.0
42,16.521318435668945,-83,-43.78168869018555,193.351318359375,-1.0
42,16.521318435668945,-83,-43.78168869018555,193.49273681640625,-1.0
42,16.521318435668945,-83,-43.78168869018555,193.66107177734375,-1.0
42,16.521318435668945,-83,-43.78168869018555,193.395751953125,-1.0
42,16.521318435668945,-83,-43.78168869018555,193.6519775390625,-1.0
42,16.521318435668945,-83,-43.78168869018555,193.5289306640625,-1.0
42,16.521318435668945,-83,-43.78168869018555,193.531982421875,-1.0
42,16.521318435668945,-83,-43.78168869018555,193.65570068359375,-1.0
42,16.521318435668945,-83,-43.78168869018555,193.5828857421875,-1.0
42,16.521318435668945,-83,-43.78168869018555,191.1568603515625,-1.0
42,16.521318435668945,-83,-43.78168869018555,194.22894287109375,-1.0
42,16.521318435668945,-83,-43.78168869018555,191.25372314453125,-1.0
42,16.521318435668945,-83,-43.78168869018555,191.9095458984375,-1.0
42,16.521318435668945,-83,-43.78168869018555,192.35064697265625,-1.0
42,16.521318435668945,-83,-43.78168869018555,192.61578369140625,-1.0
42,16.521318435668945,-83,-43.78168869018555,192.71337890625,-1.0
42,16.521318435668945,-83,-43.78168869018555,192.54510498046875,-1.0
42,16.521318435668945,-83,-43.78168869018555,192.4854736328125,-1.0
42,16.521318435668945,-83,-43.78168869018555,192.825439453125,-1.0
42,16.521318435668945,-83,-43.78168869018555,192.7745361328125,-1.0
42,16.521318435668945,-83,-43.78168869018555,192.383056640625,-1.0
42,16.521318435668945,-83,-43.78168869018555,192.46728515625,-1.0
42,16.521318435668945,-83,-43.78168869018555,192.70550537109375,-1.0
42,16.521318435668945,-83,-43.78168869018555,192.7158203125,-1.0
42,16.521318435668945,-83,-43.78168869018555,192.61529541015625,-1.0
42,16.521318435668945,-83,-43.78168869018555,192.71337890625,-1.0
42,16.521318435668945,-83,-43.78168869018555,192.37103271484375,-1.0
42,16.521318435668945,-83,-43.78168869018555,192.46197509765625,-1.0
42,16.521318435668945,-83,-43.78168869018555,192.9583740234375,-1.0
42,16.521318435668945,-83,-43.78168869018555,192.61798095703125,-1.0
42,16.521318435668945,-83,-43.78168869018555,192.68524169921875,-1.0
42,16.521318435668945,-83,-43.78168869018555,192.6129150390625,-1.0
42,16.521318435668945,-83,-43.78168869018555,192.781982421875,-1.0
42,16.521318435668945,-83,-43.78168869018555,192.5579833984375,-1.0
42,16.521318435668945,-83,-43.78168869018555,192.78729248046875,-1.0
42,16.521318435668945,-83,-43.78168869018555,192.5921630859375,-1.0
42,16.521318435668945,-83,-43.78168869018555,192.48724365234375,-1.0
42,16.521318435668945,-83,-43.78168869018555,192.75994873046875,-1.0
42,16.521318435668945,-83,-43.78168869018555,192.612060546875,-1.0
42,16.521318435668945,-83,-43.78168869018555,192.5394287109375,-1.0
42,16.521318435668945,-83,-43.78168869018555,192.653564453125,-1.0
42,16.521318435668945,-83,-43.78168869018555,192.69195556640625,-1.0
42,16.521318435668945,-83,-43.78168869018555,192.78814697265625,-1.0
42,16.521318435668945,-83,-43.78168869018555,192.614990234375,-1.0
42,16.521318435668945,-83,-43.78168869018555,192.56219482421875,-1.0
42,16.521318435668945,-83,-43.78168869018555,192.66546630859375,-1.0
42,16.521318435668945,-83,-43.78168869018555,192.83966064453125,-1.0
42,16.521318435668945,-83,-43.78168869018555,192.418701171875,-1.0
42,16.521318435668945,-83,-43.78168869018555,192.4337158203125,-1.0
42,16.521318435668945,-83,-43.78168869018555,192.63153076171875,-1.0
42,16.521318435668945,-83,-43.78168869018555,192.78070068359375,-1.0
42,16.521318435668945,-83,-43.78168869018555,192.67584228515625,-1.0
42,16.521318435668945,-83,-43.78168869018555,192.5479736328125,-1.0
42,16.521318435668945,-83,-43.78168869018555,192.8668212890625,-1.0
42,16.521318435668945,-83,-43.78168869018555,192.79632568359375,-1.0
42,16.521318435668945,-83,-43.78168869018555,192.50653076171875,-1.0
42,16.521318435668945,-83,-43.78168869018555,192.63861083984375,-1.0
42,16.521318435668945,-83,-43.78168869018555,192.89495849609375,-1.0
42,16.521318435668945,-83,-43.78168869018555,192.69549560546875,-1.0
42,16.521318435668945,-83,-43.78168869018555,192.5997314453125,-1.0
42,16.521318435668945,-83,-43.78168869018555,192.9427490234375,-1.0
42,16.521318435668945,-83,-43.78168869018555,192.5977783203125,-1.0
42,16.521318435668945,-83,-43.78168869018555,192.84661865234375,-1.0
42,16.521318435668945,-83,-43.78168869018555,192.6668701171875,-1.0
42,16.521318435668945,-83,-43.78168869018555,192.832763671875,-1.0
42,16.521318435668945,-83,-43.78168869018555,192.701904296875,-1.0
42,16.521318435668945,-83,-43.78168869018555,192.6531982421875,-1.0
42,16.521318435668945,-83,-43.78168869018555,192.8184814453125,-1.0
42,16.521318435668945,-83,-43.78168869018555,192.636474609375,-1.0
42,16.521318435668945,-83,-43.78168869018555,192.6617431640625,-1.0
42,16.521318435668945,-83,-43.78168869018555,192.7589111328125,-1.0
42,16.521318435668945,-83,-43.78168869018555,192.681884765625,-1.0
42,16.521318435668945,-83,-43.78168869018555,192.6646728515625,-1.0
42,16.521318435668945,-83,-43.78168869018555,192.773681640625,-1.0
42,16.521318435668945,-83,-43.78168869018555,192.6285400390625,-1.0
42,16.521318435668945,-83,-43.78168869018555,192.716064453125,-1.0
42,16.521318435668945,-83,-43.78168869018555,192.8358154296875,-1.0
42,16.521318435668945,-83,-43.78168869018555,192.68267822265625,-1.0
42,16.521318435668945,-83,-43.78168869018555,192.8253173828125,-1.0
42,16.521318435668945,-83,-43.78168869018555,192.6673583984375,-1.0
42,16.521318435668945,-83,-43.78168869018555,192.633056640625,-1.0
42,16.521318435668945,-83,-43.78168869018555,192.914794921875,-1.0
42,16.521318435668945,-83,-43.78168869018555,192.6221923828125,-1.0
42,16.521318435668945,-83,-43.78168869018555,192.91131591796875,-1.0
42,16.521318435668945,-83,-43.78168869018555,192.83282470703125,-1.0
42,16.521318435668945,-83,-43.78168869018555,192.91912841796875,-1.0
42,16.521318435668945,-83,-43.78168869018555,192.6112060546875,-1.0
42,16.521318435668945,-83,-43.78168869018555,192.80413818359375,-1.0
42,16.521318435668945,-83,-43.78168869018555,192.7574462890625,-1.0
42,16.521318435668945,-83,-43.78168869018555,192.752685546875,-1.0
42,16.521318435668945,-83,-43.78168869018555,192.6414794921875,-1.0
42,16.521318435668945,-83,-43.78168869018555,192.6951904296875,-1.0
42,16.521318435668945,-83,-43.78168869018555,192.689697265625,-1.0
42,16.521318435668945,-83,-43.78168869018555,193.07427978515625,-1.0
42,16.521318435668945,-83,-43.78168869018555,192.6695556640625,-1.0
42,16.521318435668945,-83,-43.78168869018555,192.636962890625,-1.0
42,16.521318435668945,-83,-43.78168869018555,192.7017822265625,-1.0
42,16.521318435668945,-83,-43.78168869018555,192.8121337890625,-1.0
42,16.521318435668945,-83,-43.78168869018555,192.787841796875,-1.0
42,16.521318435668945,-83,-43.78168869018555,192.66949462890625,-1.0
42,16.521318435668945,-83,-43.78168869018555,192.6668701171875,-1.0
42,16.521318435668945,-83,-43.78168869018555,192.7879638671875,-1.0
42,16.521318435668945,-83,-43.78168869018555,192.76708984375,-1.0
42,16.521318435668945,-83,-43.78168869018555,192.7669677734375,-1.0
42,16.521318435668945,-83,-43.78168869018555,192.6690673828125,-1.0
42,16.521318435668945,-83,-43.78168869018555,192.702880859375,-1.0
42,16.521318435668945,-83,-43.78168869018555,192.899658203125,-1.0
42,16.521318435668945,-83,-43.78168869018555,192.7152099609375,-1.0
42,16.521318435668945,-83,-43.78168869018555,192.74383544921875,-1.0
42,16.521318435668945,-83,-43.78168869018555,192.6014404296875,-1.0
42,16.521318435668945,-83,-43.78168869018555,192.7374267578125,-1.0
42,16.521318435668945,-83,-43.78168869018555,192.76263427734375,-1.0
42,16.521318435668945,-83,-43.78168869018555,192.829833984375,-1.0
42,16.521318435668945,-83,-43.78168869018555,192.58331298828125,-1.0
42,16.521318435668945,-83,-43.78168869018555,192.753662109375,-1.0
42,16.521318435668945,-83,-43.78168869018555,192.611083984375,-1.0
42,16.521318435668945,-83,-43.78168869018555,192.58880615234375,-1.0
42,16.521318435668945,-83,-43.78168869018555,192.65179443359375,-1.0
42,16.521318435668945,-83,-43.78168869018555,192.7352294921875,-1.0
42,16.521318435668945,-83,-43.78168869018555,192.86419677734375,-1.0
42,16.521318435668945,-83,-43.78168869018555,192.8465576171875,-1.0
42,16.521318435668945,-83,-43.78168869018555,193.083984375,-1.0
42,16.521318435668945,-83,-43.78168869018555,192.6663818359375,-1.0
42,16.521318435668945,-83,-43.78168869018555,192.69305419921875,-1.0
42,16.521318435668945,-83,-43.78168869018555,192.72265625,-1.0
42,16.521318435668945,-83,-43.78168869018555,192.822021484375,-1.0
42,16.521318435668945,-83,-43.78168869018555,192.59136962890625,-1.0
42,16.521318435668945,-83,-43.78168869018555,192.81640625,-1.0
42,16.521318435668945,-83,-43.78168869018555,192.908447265625,-1.0
42,16.521318435668945,-83,-43.78168869018555,192.69427490234375,-1.0
42,16.521318435668945,-83,-43.78168869018555,193.0430908203125,-1.0
42,16.521318435668945,-83,-43.78168869018555,192.67913818359375,-1.0
42,16.521318435668945,-83,-43.78168869018555,192.58294677734375,-1.0
42,16.521318435668945,-83,-43.78168869018555,192.7445068359375,-1.0
42,16.521318435668945,-83,-43.78168869018555,192.780517578125,-1.0
42,16.521318435668945,-83,-43.78168869018555,192.7318115234375,-1.0
42,16.521318435668945,-83,-43.78168869018555,192.7752685546875,-1.0
42,16.521318435668945,-83,-43.78168869018555,192.8385009765625,-1.0
42,16.521318435668945,-83,-43.78168869018555,192.75372314453125,-1.0
42,16.521318435668945,-83,-43.78168869018555,192.660400390625,-1.0
42,16.521318435668945,-83,-43.78168869018555,192.64471435546875,-1.0
42,16.521318435668945,-83,-43.78168869018555,192.79241943359375,-1.0
42,16.521318435668945,-83,-43.78168869018555,192.598388671875,-1.0
42,16.521318435668945,-83,-43.78168869018555,192.8909912109375,-1.0
42,16.521318435668945,-83,-43.78168869018555,192.776611328125,-1.0
42,16.521318435668945,-83,-43.78168869018555,192.8153076171875,-1.0
42,16.521318435668945,-83,-43.78168869018555,192.99853515625,-1.0
42,16.521318435668945,-83,-43.78168869018555,192.919921875,-1.0
42,16.521318435668945,-83,-43.78168869018555,192.79083251953125,-1.0
42,16.521318435668945,-83,-43.78168869018555,193.059326171875,-1.0
42,16.521318435668945,-83,-43.78168869018555,192.7139892578125,-1.0
42,16.521318435668945,-83,-43.78168869018555,192.8594970703125,-1.0
42,16.521318435668945,-83,-43.78168869018555,192.767578125,-1.0
42,16.521318435668945,-83,-43.78168869018555,192.8685302734375,-1.0
42,16.521318435668945,-83,-43.78168869018555,192.78515625,-1.0
42,16.521318435668945,-83,-43.78168869018555,192.836181640625,-1.0
42,16.521318435668945,-83,-43.78168869018555,192.8336181640625,-1.0
42,16.521318435668945,-83,-43.78168869018555,192.9603271484375,-1.0
42,16.521318435668945,-83,-43.78168869018555,192.7017822265625,-1.0
42,16.521318435668945,-83,-43.78168869018555,192.900634765625,-1.0
42,16.521318435668945,-83,-43.78168869018555,192.84912109375,-1.0
42,16.521318435668945,-83,-43.78168869018555,192.5618896484375,-1.0
42,16.521318435668945,-83,-43.78168869018555,192.7955322265625,-1.0
42,16.521318435668945,-83,-43.78168869018555,192.75341796875,-1.0
42,16.521318435668945,-83,-43.78168869018555,192.79827880859375,-1.0
42,16.521318435668945,-83,-43.78168869018555,192.8096923828125,-1.0
42,16.521318435668945,-83,-43.78168869018555,192.80926513671875,-1.0
42,16.521318435668945,-83,-43.78168869018555,193.01611328125,-1.0
42,16.521318435668945,-83,-43.78168869018555,192.83197021484375,-1.0
42,16.521318435668945,-83,-43.78168869018555,192.9029541015625,-1.0
42,16.521318435668945,-83,-43.78168869018555,192.5185546875,-1.0
42,16.521318435668945,-83,-43.78168869018555,192.848876953125,-1.0
42,16.521318435668945,-83,-43.78168869018555,192.7559814453125,-1.0
42,16.521318435668945,-83,-43.78168869018555,192.53143310546875,-1.0
42,16.521318435668945,-83,-43.78168869018555,192.960205078125,-1.0
42,16.521318435668945,-83,-43.78168869018555,192.80035400390625,-1.0
42,16.521318435668945,-83,-43.78168869018555,192.6669921875,-1.0
42,16.521318435668945,-83,-43.78168869018555,192.93408203125,-1.0
42,16.521318435668945,-83,-43.78168869018555,192.702880859375,-1.0
42,16.521318435668945,-83,-43.78168869018555,192.59197998046875,-1.0
42,16.521318435668945,-83,-43.78168869018555,192.91064453125,-1.0
42,16.521318435668945,-83,-43.78168869018555,193.07135009765625,-1.0
42,16.521318435668945,-83,-43.78168869018555,192.79736328125,-1.0
42,16.521318435668945,-83,-43.78168869018555,192.691162109375,-1.0
42,16.521318435668945,-83,-43.78168869018555,192.70172119140625,-1.0
42,16.521318435668945,-83,-43.78168869018555,192.86572265625,-1.0
42,16.521318435668945,-83,-43.78168869018555,192.7337646484375,-1.0
42,16.521318435668945,-83,-43.78168869018555,192.6495361328125,-1.0
42,16.521318435668945,-83,-43.78168869018555,192.73394775390625,-1.0
42,16.521318435668945,-83,-43.78168869018555,192.886474609375,-1.0
42,16.521318435668945,-83,-43.78168869018555,192.98297119140625,-1.0
42,16.521318435668945,-83,-43.78168869018555,193.05804443359375,-1.0
42,16.521318435668945,-83,-43.78168869018555,192.89324951171875,-1.0
42,16.521318435668945,-83,-43.78168869018555,192.70343017578125,-1.0
42,16.521318435668945,-83,-43.78168869018555,192.84832763671875,-1.0
42,16.521318435668945,-83,-43.78168869018555,192.756103515625,-1.0
42,16.521318435668945,-83,-43.78168869018555,192.6807861328125,-1.0
42,16.521318435668945,-83,-43.78168869018555,192.79669189453125,-1.0
42,16.521318435668945,-83,-43.78168869018555,192.914794921875,-1.0
42,16.521318435668945,-83,-43.78168869018555,192.83795166015625,-1.0
42,16.521318435668945,-83,-43.78168869018555,192.780517578125,-1.0
42,16.521318435668945,-83,-43.78168869018555,192.70050048828125,-1.0
42,16.521318435668945,-83,-43.78168869018555,192.9202880859375,-1.0
42,16.521318435668945,-83,-43.78168869018555,192.899169921875,-1.0
42,16.521318435668945,-83,-43.78168869018555,192.92816162109375,-1.0
42,16.521318435668945,-83,-43.78168869018555,192.91204833984375,-1.0
42,16.521318435668945,-83,-43.78168869018555,192.7835693359375,-1.0
42,16.521318435668945,-83,-43.78168869018555,192.72705078125,-1.0
42,16.521318435668945,-83,-43.78168869018555,192.98779296875,-1.0
42,16.521318435668945,-83,-43.78168869018555,193.04022216796875,-1.0
42,16.521318435668945,-83,-43.78168869018555,189.63323974609375,-1.0
42,16.521318435668945,-83,-43.78168869018555,183.4537353515625,-1.0
42,16.521318435668945,-83,-43.78168869018555,183.919189453125,-1.0
42,16.521318435668945,-83,-43.78168869018555,184.15631103515625,-1.0
42,16.521318435668945,-83,-43.78168869018555,183.866943359375,-1.0
42,16.521318435668945,-83,-43.78168869018555,183.84710693359375,-1.0
42,16.521318435668945,-83,-43.78168869018555,183.9971923828125,-1.0
42,16.521318435668945,-83,-43.78168869018555,183.7637939453125,-1.0
42,16.521318435668945,-83,-43.78168869018555,183.94696044921875,-1.0
42,16.521318435668945,-83,-43.78168869018555,183.92059326171875,-1.0
42,16.521318435668945,-83,-43.78168869018555,183.8699951171875,-1.0
42,16.521318435668945,-83,-43.78168869018555,183.889404296875,-1.0
42,16.521318435668945,-83,-43.78168869018555,184.07855224609375,-1.0
42,16.521318435668945,-83,-43.78168869018555,184.082763671875,-1.0
42,16.521318435668945,-83,-43.78168869018555,183.98492431640625,-1.0
42,16.521318435668945,-83,-43.78168869018555,183.93017578125,-1.0
42,16.521318435668945,-83,-43.78168869018555,183.772216796875,-1.0
42,16.521318435668945,-83,-43.78168869018555,184.35791015625,-1.0
42,16.521318435668945,-83,-43.78168869018555,183.8780517578125,-1.0
42,16.521318435668945,-83,-43.78168869018555,184.20263671875,-1.0
42,16.521318435668945,-83,-43.78168869018555,183.8895263671875,-1.0
42,16.521318435668945,-83,-43.78168869018555,184.02508544921875,-1.0
42,16.521318435668945,-83,-43.78168869018555,184.251953125,-1.0
42,16.521318435668945,-83,-43.78168869018555,183.80810546875,-1.0
42,16.521318435668945,-83,-43.78168869018555,184.04656982421875,-1.0
42,16.521318435668945,-83,-43.78168869018555,183.8941650390625,-1.0
42,16.521318435668945,-83,-43.78168869018555,185.529052734375,-1.0
42,16.521318435668945,-83,-43.78168869018555,184.4044189453125,-1.0
42,16.521318435668945,-83,-43.78168869018555,184.5487060546875,-1.0
42,16.521318435668945,-83,-43.78168869018555,184.6322021484375,-1.0
42,16.521318435668945,-83,-43.78168869018555,184.50543212890625,-1.0
42,16.521318435668945,-83,-43.78168869018555,189.74560546875,-1.0
42,16.521318435668945,-83,-43.78168869018555,188.9603271484375,-1.0
42,16.521318435668945,-83,-43.78168869018555,189.1212158203125,-1.0
42,16.521318435668945,-83,-43.78168869018555,189.3341064453125,-1.0
42,16.521318435668945,-83,-43.78168869018555,189.2564697265625,-1.0
42,16.521318435668945,-83,-43.78168869018555,188.96978759765625,-1.0
42,16.521318435668945,-83,-43.78168869018555,189.04541015625,-1.0
42,16.521318435668945,-83,-43.78168869018555,189.368408203125,-1.0
42,16.521318435668945,-83,-43.78168869018555,189.18798828125,-1.0
42,16.521318435668945,-83,-43.78168869018555,188.959228515625,-1.0
42,16.521318435668945,-83,-43.78168869018555,189.46533203125,-1.0
42,16.521318435668945,-83,-43.78168869018555,189.32122802734375,-1.0
42,16.521318435668945,-83,-43.78168869018555,189.44366455078125,-1.0
42,16.521318435668945,-83,-43.78168869018555,189.18548583984375,-1.0
42,16.521318435668945,-83,-43.78168869018555,189.1014404296875,-1.0
42,16.521318435668945,-83,-43.78168869018555,189.24029541015625,-1.0
42,16.521318435668945,-83,-43.78168869018555,189.42291259765625,-1.0
42,16.521318435668945,-83,-43.78168869018555,189.23028564453125,-1.0
42,16.521318435668945,-83,-43.78168869018555,188.99700927734375,-1.0
42,16.521318435668945,-83,-43.78168869018555,189.3121337890625,-1.0
42,16.521318435668945,-83,-43.78168869018555,189.0621337890625,-1.0
42,16.521318435668945,-83,-43.78168869018555,188.9818115234375,-1.0
42,16.521318435668945,-83,-43.78168869018555,189.33197021484375,-1.0
42,16.521318435668945,-83,-43.78168869018555,189.2252197265625,-1.0
42,16.521318435668945,-83,-43.78168869018555,188.89935302734375,-1.0
42,16.521318435668945,-83,-43.78168869018555,188.9849853515625,-1.0
42,16.521318435668945,-83,-43.78168869018555,189.36260986328125,-1.0
42,16.521318435668945,-83,-43.78168869018555,189.36199951171875,-1.0
42,16.521318435668945,-83,-43.78168869018555,189.0147705078125,-1.0
42,16.521318435668945,-83,-43.78168869018555,189.1749267578125,-1.0
42,16.521318435668945,-83,-43.78168869018555,189.2821044921875,-1.0
42,16.521318435668945,-83,-43.78168869018555,189.1820068359375,-1.0
42,16.521318435668945,-83,-43.78168869018555,189.18328857421875,-1.0
42,16.521318435668945,-83,-43.78168869018555,189.18133544921875,-1.0
42,16.521318435668945,-83,-43.78168869018555,189.2449951171875,-1.0
42,16.521318435668945,-83,-43.78168869018555,189.17041015625,-1.0
42,16.521318435668945,-83,-43.78168869018555,189.23577880859375,-1.0
42,16.521318435668945,-83,-43.78168869018555,188.96380615234375,-1.0
42,16.521318435668945,-83,-43.78168869018555,189.18218994140625,-1.0
42,16.521318435668945,-83,-43.78168869018555,189.1998291015625,-1.0
42,16.521318435668945,-83,-43.78168869018555,189.43756103515625,-1.0
42,16.521318435668945,-83,-43.78168869018555,189.0181884765625,-1.0
42,16.521318435668945,-83,-43.78168869018555,191.15350341796875,-1.0
42,16.521318435668945,-83,-43.78168869018555,191.09942626953125,-1.0
42,16.521318435668945,-83,-43.78168869018555,190.6756591796875,-1.0
42,16.521318435668945,-83,-43.78168869018555,190.021484375,-1.0
42,16.521318435668945,-83,-43.78168869018555,190.33740234375,-1.0
42,16.521318435668945,-83,-43.78168869018555,189.66888427734375,-1.0
42,16.521318435668945,-83,-43.78168869018555,189.7474365234375,-1.0
42,16.521318435668945,-83,-43.78168869018555,190.94287109375,-1.0
42,16.521318435668945,-83,-43.78168869018555,190.28125,-1.0
42,16.521318435668945,-83,-43.78168869018555,189.73333740234375,-1.0
42,16.521318435668945,-83,-43.78168869018555,190.08880615234375,-1.0
42,16.521318435668945,-83,-43.78168869018555,189.94781494140625,-1.0
42,16.521318435668945,-83,-43.78168869018555,190.2369384765625,-1.0
42,16.521318435668945,-83,-43.78168869018555,190.1573486328125,-1.0
42,16.521318435668945,-83,-43.78168869018555,189.9468994140625,-1.0
42,16.521318435668945,-83,-43.78168869018555,190.0926513671875,-1.0
42,16.521318435668945,-83,-43.78168869018555,189.7510986328125,-1.0
42,16.521318435668945,-83,-43.78168869018555,190.0660400390625,-1.0
42,16.521318435668945,-83,-43.78168869018555,189.59515380859375,-1.0
42,16.521318435668945,-83,-43.78168869018555,190.7552490234375,-1.0
42,16.521318435668945,-83,-43.78168869018555,190.7161865234375,-1.0
42,16.521318435668945,-83,-43.78168869018555,190.29132080078125,-1.0
42,16.521318435668945,-83,-43.78168869018555,190.32672119140625,-1.0
42,16.521318435668945,-83,-43.78168869018555,190.16192626953125,-1.0
42,16.521318435668945,-83,-43.78168869018555,190.5098876953125,-1.0
42,16.521318435668945,-83,-43.78168869018555,190.48699951171875,-1.0
42,16.521318435668945,-83,-43.78168869018555,190.01336669921875,-1.0
42,16.521318435668945,-83,-43.78168869018555,190.27911376953125,-1.0
42,16.521318435668945,-83,-43.78168869018555,190.361328125,-1.0
42,16.521318435668945,-83,-43.78168869018555,190.1324462890625,-1.0
42,16.521318435668945,-83,-43.78168869018555,190.316162109375,-1.0
42,16.521318435668945,-83,-43.78168869018555,190.186767578125,-1.0
42,16.521318435668945,-83,-43.78168869018555,190.28887939453125,-1.0
42,16.521318435668945,-83,-43.78168869018555,190.17919921875,-1.0
42,16.521318435668945,-83,-43.78168869018555,190.534423828125,-1.0
42,16.521318435668945,-83,-43.78168869018555,190.34912109375,-1.0
42,16.521318435668945,-83,-43.78168869018555,190.31597900390625,-1.0
42,16.521318435668945,-83,-43.78168869018555,190.13671875,-1.0
42,16.521318435668945,-83,-43.78168869018555,190.33502197265625,-1.0
42,16.521318435668945,-83,-43.78168869018555,190.45458984375,-1.0
42,16.521318435668945,-83,-43.78168869018555,190.3052978515625,-1.0
42,16.521318435668945,-83,-43.78168869018555,190.390625,-1.0
42,16.521318435668945,-83,-43.78168869018555,190.49212646484375,-1.0
42,16.521318435668945,-83,-43.78168869018555,190.2081298828125,-1.0
42,16.521318435668945,-83,-43.78168869018555,190.2572021484375,-1.0
42,16.521318435668945,-83,-43.78168869018555,190.3680419921875,-1.0
42,16.521318435668945,-83,-43.78168869018555,190.2386474609375,-1.0
42,16.521318435668945,-83,-43.78168869018555,190.00262451171875,-1.0
42,16.521318435668945,-83,-43.78168869018555,190.3902587890625,-1.0
42,16.521318435668945,-83,-43.78168869018555,190.5615234375,-1.0
42,16.521318435668945,-83,-43.78168869018555,190.1866455078125,-1.0
42,16.521318435668945,-83,-43.78168869018555,190.190673828125,-1.0
42,16.521318435668945,-83,-43.78168869018555,190.3895263671875,-1.0
42,16.521318435668945,-83,-43.78168869018555,190.25115966796875,-1.0
42,16.521318435668945,-83,-43.78168869018555,190.313720703125,-1.0
42,16.521318435668945,-83,-43.78168869018555,190.0595703125,-1.0
42,16.521318435668945,-83,-43.78168869018555,190.38330078125,-1.0
42,16.521318435668945,-83,-43.78168869018555,190.17388916015625,-1.0
42,16.521318435668945,-83,-43.78168869018555,190.233642578125,-1.0
42,16.521318435668945,-83,-43.78168869018555,190.55767822265625,-1.0
42,16.521318435668945,-83,-43.78168869018555,190.465087890625,-1.0
42,16.521318435668945,-83,-43.78168869018555,190.2130126953125,-1.0
42,16.521318435668945,-83,-43.78168869018555,190.04461669921875,-1.0
42,16.521318435668945,-83,-43.78168869018555,190.5772705078125,-1.0
42,16.521318435668945,-83,-43.78168869018555,190.3330078125,-1.0
42,16.521318435668945,-83,-43.78168869018555,190.12261962890625,-1.0
42,16.521318435668945,-83,-43.78168869018555,190.16680908203125,-1.0
42,16.521318435668945,-83,-43.78168869018555,190.4002685546875,-1.0
42,16.521318435668945,-83,-43.78168869018555,190.1842041015625,-1.0
42,16.521318435668945,-83,-43.78168869018555,190.02349853515625,-1.0
42,16.521318435668945,-83,-43.78168869018555,190.44476318359375,-1.0
42,16.521318435668945,-83,-43.78168869018555,190.348876953125,-1.0
42,16.521318435668945,-83,-43.78168869018555,190.32244873046875,-1.0
42,16.521318435668945,-83,-43.78168869018555,190.156494140625,-1.0
42,16.521318435668945,-83,-43.78168869018555,190.41436767578125,-1.0
42,16.521318435668945,-83,-43.78168869018555,190.5220947265625,-1.0
42,16.521318435668945,-83,-43.78168869018555,190.2406005859375,-1.0
42,16.521318435668945,-83,-43.78168869018555,190.40521240234375,-1.0
42,16.521318435668945,-83,-43.78168869018555,190.38201904296875,-1.0
42,16.521318435668945,-83,-43.78168869018555,190.20379638671875,-1.0
42,16.521318435668945,-83,-43.78168869018555,190.41168212890625,-1.0
42,16.521318435668945,-83,-43.78168869018555,190.54278564453125,-1.0
42,16.521318435668945,-83,-43.78168869018555,190.54962158203125,-1.0
42,16.521318435668945,-83,-43.78168869018555,190.135498046875,-1.0
42,16.521318435668945,-83,-43.78168869018555,190.3037109375,-1.0
42,16.521318435668945,-83,-43.78168869018555,190.25408935546875,-1.0
42,16.521318435668945,-83,-43.78168869018555,190.3331298828125,-1.0
42,16.521318435668945,-83,-43.78168869018555,190.29998779296875,-1.0
42,16.521318435668945,-83,-43.78168869018555,190.3157958984375,-1.0
42,16.521318435668945,-83,-43.78168869018555,190.42010498046875,-1.0
42,16.521318435668945,-83,-43.78168869018555,190.48272705078125,-1.0
42,16.521318435668945,-83,-43.78168869018555,190.52685546875,-1.0
42,16.521318435668945,-83,-43.78168869018555,190.3131103515625,-1.0
42,16.521318435668945,-83,-43.78168869018555,190.2811279296875,-1.0
42,16.521318435668945,-83,-43.78168869018555,190.37127685546875,-1.0
42,16.521318435668945,-83,-43.78168869018555,190.26605224609375,-1.0
42,16.521318435668945,-83,-43.78168869018555,190.204345703125,-1.0
42,16.521318435668945,-83,-43.78168869018555,190.50250244140625,-1.0
42,16.521318435668945,-83,-43.78168869018555,190.39263916015625,-1.0
42,16.521318435668945,-83,-43.78168869018555,190.32122802734375,-1.0
42,16.521318435668945,-83,-43.78168869018555,190.44049072265625,-1.0
42,16.521318435668945,-83,-43.78168869018555,190.05096435546875,-1.0
42,16.521318435668945,-83,-43.78168869018555,190.30255126953125,-1.0
42,16.521318435668945,-83,-43.78168869018555,190.470947265625,-1.0
42,16.521318435668945,-83,-43.78168869018555,190.4432373046875,-1.0
42,16.521318435668945,-83,-43.78168869018555,190.232666015625,-1.0
42,16.521318435668945,-83,-43.78168869018555,190.45233154296875,-1.0
42,16.521318435668945,-83,-43.78168869018555,189.95477294921875,-1.0
42,16.521318435668945,-83,-43.78168869018555,190.6397705078125,-1.0
42,16.521318435668945,-83,-43.78168869018555,190.7003173828125,-1.0
42,16.521318435668945,-83,-43.78168869018555,190.59381103515625,-1.0
42,16.521318435668945,-83,-43.78168869018555,189.9005126953125,-1.0
42,16.521318435668945,-83,-43.78168869018555,190.816650390625,-1.0
42,16.521318435668945,-83,-43.78168869018555,190.6397705078125,-1.0
42,16.521318435668945,-83,-43.78168869018555,190.19140625,-1.0
42,16.521318435668945,-83,-43.78168869018555,190.08099365234375,-1.0
42,16.521318435668945,-83,-43.78168869018555,190.0614013671875,-1.0
42,16.521318435668945,-83,-43.78168869018555,190.3607177734375,-1.0
42,16.521318435668945,-83,-43.78168869018555,190.42547607421875,-1.0
42,16.521318435668945,-83,-43.78168869018555,190.6715087890625,-1.0
42,16.521318435668945,-83,-43.78168869018555,190.5970458984375,-1.0
42,16.521318435668945,-83,-43.78168869018555,190.409912109375,-1.0
42,16.521318435668945,-83,-43.78168869018555,190.4111328125,-1.0
42,16.521318435668945,-83,-43.78168869018555,189.9207763671875,-1.0
42,16.521318435668945,-83,-43.78168869018555,190.267822265625,-1.0
42,16.521318435668945,-83,-43.78168869018555,190.23028564453125,-1.0
42,16.521318435668945,-83,-43.78168869018555,190.30389404296875,-1.0
42,16.521318435668945,-83,-43.78168869018555,190.14434814453125,-1.0
42,16.521318435668945,-83,-43.78168869018555,190.58856201171875,-1.0
42,16.521318435668945,-83,-43.78168869018555,190.4700927734375,-1.0
42,16.521318435668945,-83,-43.78168869018555,190.30218505859375,-1.0
42,16.521318435668945,-83,-43.78168869018555,190.29278564453125,-1.0
42,16.521318435668945,-83,-43.78168869018555,190.46673583984375,-1.0
42,16.521318435668945,-83,-43.78168869018555,190.49798583984375,-1.0
42,16.521318435668945,-83,-43.78168869018555,190.15374755859375,-1.0
42,16.521318435668945,-83,-43.78168869018555,190.605712890625,-1.0
42,16.521318435668945,-83,-43.78168869018555,190.4554443359375,-1.0
42,16.521318435668945,-83,-43.78168869018555,190.5228271484375,-1.0
42,16.521318435668945,-83,-43.78168869018555,190.24664306640625,-1.0
42,16.521318435668945,-83,-43.78168869018555,190.27838134765625,-1.0
42,16.521318435668945,-83,-43.78168869018555,190.35107421875,-1.0
42,16.521318435668945,-83,-43.78168869018555,190.4580078125,-1.0
42,16.521318435668945,-83,-43.78168869018555,190.23223876953125,-1.0
42,16.521318435668945,-83,-43.78168869018555,190.2684326171875,-1.0
42,16.521318435668945,-83,-43.78168869018555,190.51641845703125,-1.0
42,16.521318435668945,-83,-43.78168869018555,190.52642822265625,-1.0
42,16.521318435668945,-83,-43.78168869018555,190.27301025390625,-1.0
42,16.521318435668945,-83,-43.78168869018555,190.26177978515625,-1.0
42,16.521318435668945,-83,-43.78168869018555,190.2296142578125,-1.0
42,16.521318435668945,-83,-43.78168869018555,190.36541748046875,-1.0
42,16.521318435668945,-83,-43.78168869018555,189.99566650390625,-1.0
42,16.521318435668945,-83,-43.78168869018555,190.376708984375,-1.0
42,16.521318435668945,-83,-43.78168869018555,190.3359375,-1.0
42,16.521318435668945,-83,-43.78168869018555,190.1500244140625,-1.0
42,16.521318435668945,-83,-43.78168869018555,190.3739013671875,-1.0
42,16.521318435668945,-83,-43.78168869018555,190.24871826171875,-1.0
42,16.521318435668945,-83,-43.78168869018555,190.30609130859375,-1.0
42,16.521318435668945,-83,-43.78168869018555,190.5302734375,-1.0
42,16.521318435668945,-83,-43.78168869018555,190.2103271484375,-1.0
42,16.521318435668945,-83,-43.78168869018555,190.0382080078125,-1.0
42,16.521318435668945,-83,-43.78168869018555,190.2205810546875,-1.0
42,16.521318435668945,-83,-43.78168869018555,190.7286376953125,-1.0
42,16.521318435668945,-83,-43.78168869018555,190.1871337890625,-1.0
42,16.521318435668945,-83,-43.78168869018555,190.360595703125,-1.0
42,16.521318435668945,-83,-43.78168869018555,190.26025390625,-1.0
42,16.521318435668945,-83,-43.78168869018555,190.49249267578125,-1.0
42,16.521318435668945,-83,-43.78168869018555,190.34466552734375,-1.0
42,16.521318435668945,-83,-43.78168869018555,190.3106689453125,-1.0
42,16.521318435668945,-83,-43.78168869018555,190.28729248046875,-1.0
42,16.521318435668945,-83,-43.78168869018555,190.37591552734375,-1.0
42,16.521318435668945,-83,-43.78168869018555,190.58154296875,-1.0
42,16.521318435668945,-83,-43.78168869018555,190.314697265625,-1.0
42,16.521318435668945,-83,-43.78168869018555,190.179443359375,-1.0
42,16.521318435668945,-83,-43.78168869018555,190.172607421875,-1.0
42,16.521318435668945,-83,-43.78168869018555,190.2706298828125,-1.0
42,16.521318435668945,-83,-43.78168869018555,190.34075927734375,-1.0
42,16.521318435668945,-83,-43.78168869018555,190.33367919921875,-1.0
42,16.521318435668945,-83,-43.78168869018555,190.27362060546875,-1.0
42,16.521318435668945,-83,-43.78168869018555,190.6304931640625,-1.0
42,16.521318435668945,-83,-43.78168869018555,190.44683837890625,-1.0
42,16.521318435668945,-83,-43.78168869018555,190.26617431640625,-1.0
42,16.521318435668945,-83,-43.78168869018555,190.196044921875,-1.0
42,16.521318435668945,-83,-43.78168869018555,190.3111572265625,-1.0
42,16.521318435668945,-83,-43.78168869018555,190.60430908203125,-1.0
42,16.521318435668945,-83,-43.78168869018555,190.3541259765625,-1.0
42,16.521318435668945,-83,-43.78168869018555,190.17041015625,-1.0
42,16.521318435668945,-83,-43.78168869018555,190.354248046875,-1.0
42,16.521318435668945,-83,-43.78168869018555,190.4591064453125,-1.0
42,16.521318435668945,-83,-43.78168869018555,190.6256103515625,-1.0
42,16.521318435668945,-83,-43.78168869018555,190.37109375,-1.0
42,16.521318435668945,-83,-43.78168869018555,190.1309814453125,-1.0
42,16.521318435668945,-83,-43.78168869018555,190.5872802734375,-1.0
42,16.521318435668945,-83,-43.78168869018555,190.3521728515625,-1.0
42,16.521318435668945,-83,-43.78168869018555,190.61724853515625,-1.0
42,16.521318435668945,-83,-43.78168869018555,190.513427734375,-1.0
42,16.521318435668945,-83,-43.78168869018555,190.293212890625,-1.0
42,16.521318435668945,-83,-43.78168869018555,190.42401123046875,-1.0
42,16.521318435668945,-83,-43.78168869018555,190.22613525390625,-1.0
42,16.521318435668945,-83,-43.78168869018555,190.52471923828125,-1.0
42,16.521318435668945,-83,-43.78168869018555,190.2598876953125,-1.0
42,16.521318435668945,-83,-43.78168869018555,190.31298828125,-1.0
42,16.521318435668945,-83,-43.78168869018555,190.3782958984375,-1.0
42,16.521318435668945,-83,-43.78168869018555,190.2557373046875,-1.0
42,16.521318435668945,-83,-43.78168869018555,190.15216064453125,-1.0
42,16.521318435668945,-83,-43.78168869018555,190.436279296875,-1.0
42,16.521318435668945,-83,-43.78168869018555,190.55908203125,-1.0
42,16.521318435668945,-83,-43.78168869018555,190.3067626953125,-1.0
42,16.521318435668945,-83,-43.78168869018555,190.4595947265625,-1.0
42,16.521318435668945,-83,-43.78168869018555,190.3114013671875,-1.0
42,16.521318435668945,-83,-43.78168869018555,190.6861572265625,-1.0
42,16.521318435668945,-83,-43.78168869018555,190.68597412109375,-1.0
42,16.521318435668945,-83,-43.78168869018555,190.34619140625,-1.0
42,16.521318435668945,-83,-43.78168869018555,190.29656982421875,-1.0
42,16.521318435668945,-83,-43.78168869018555,190.42449951171875,-1.0
42,16.521318435668945,-83,-43.78168869018555,190.4654541015625,-1.0
42,16.521318435668945,-83,-43.78168869018555,190.26904296875,-1.0
42,16.521318435668945,-83,-43.78168869018555,190.239990234375,-1.0
42,16.521318435668945,-83,-43.78168869018555,190.2882080078125,-1.0
42,16.521318435668945,-83,-43.78168869018555,190.07861328125,-1.0
42,16.521318435668945,-83,-43.78168869018555,190.16876220703125,-1.0
42,16.521318435668945,-83,-43.78168869018555,190.3934326171875,-1.0
42,16.521318435668945,-83,-43.78168869018555,190.27166748046875,-1.0
42,16.521318435668945,-83,-43.78168869018555,190.33978271484375,-1.0
42,16.521318435668945,-83,-43.78168869018555,185.45745849609375,-1.0
42,16.521318435668945,-83,-43.78168869018555,185.37957763671875,-1.0
42,16.521318435668945,-83,-43.78168869018555,185.6551513671875,-1.0
42,16.521318435668945,-83,-43.78168869018555,185.5537109375,-1.0
42,16.521318435668945,-83,-43.78168869018555,185.6573486328125,-1.0
42,16.521318435668945,-83,-43.78168869018555,185.815673828125,-1.0
42,16.521318435668945,-83,-43.78168869018555,185.58013916015625,-1.0
42,16.521318435668945,-83,-43.78168869018555,185.35931396484375,-1.0
42,16.521318435668945,-83,-43.78168869018555,185.55401611328125,-1.0
42,16.521318435668945,-83,-43.78168869018555,185.50689697265625,-1.0
42,16.521318435668945,-83,-43.78168869018555,185.6907958984375,-1.0
42,16.521318435668945,-83,-43.78168869018555,185.39202880859375,-1.0
42,16.521318435668945,-83,-43.78168869018555,185.43798828125,-1.0
42,16.521318435668945,-83,-43.78168869018555,185.66571044921875,-1.0
42,16.521318435668945,-83,-43.78168869018555,185.551025390625,-1.0
42,16.521318435668945,-83,-43.78168869018555,185.69439697265625,-1.0
42,16.521318435668945,-83,-43.78168869018555,185.61773681640625,-1.0
42,16.521318435668945,-83,-43.78168869018555,185.5772705078125,-1.0
42,16.521318435668945,-83,-43.78168869018555,185.62139892578125,-1.0
42,16.521318435668945,-83,-43.78168869018555,185.61376953125,-1.0
42,16.521318435668945,-83,-43.78168869018555,185.55230712890625,-1.0
42,16.521318435668945,-83,-43.78168869018555,185.75201416015625,-1.0
42,16.521318435668945,-83,-43.78168869018555,185.51318359375,-1.0
42,16.521318435668945,-83,-43.78168869018555,185.58953857421875,-1.0
42,16.521318435668945,-83,-43.78168869018555,185.601318359375,-1.0
42,16.521318435668945,-83,-43.78168869018555,185.56109619140625,-1.0
42,16.521318435668945,-83,-43.78168869018555,185.3431396484375,-1.0
42,16.521318435668945,-83,-43.78168869018555,185.74530029296875,-1.0
42,16.521318435668945,-83,-43.78168869018555,185.60113525390625,-1.0
42,16.521318435668945,-83,-43.78168869018555,185.59637451171875,-1.0
42,16.521318435668945,-83,-43.78168869018555,185.32305908203125,-1.0
42,16.521318435668945,-83,-43.78168869018555,185.4788818359375,-1.0
42,16.521318435668945,-83,-43.78168869018555,185.451416015625,-1.0
42,16.521318435668945,-83,-43.78168869018555,185.9224853515625,-1.0
42,16.521318435668945,-83,-43.78168869018555,185.62432861328125,-1.0
42,16.521318435668945,-83,-43.78168869018555,185.59722900390625,-1.0
42,16.521318435668945,-83,-43.78168869018555,185.72955322265625,-1.0
42,16.521318435668945,-83,-43.78168869018555,185.7501220703125,-1.0
42,16.521318435668945,-83,-43.78168869018555,185.74041748046875,-1.0
42,16.521318435668945,-83,-43.78168869018555,185.6611328125,-1.0
42,16.521318435668945,-83,-43.78168869018555,185.42706298828125,-1.0
42,16.521318435668945,-83,-43.78168869018555,185.6414794921875,-1.0
42,16.521318435668945,-83,-43.78168869018555,185.6075439453125,-1.0
42,16.521318435668945,-83,-43.78168869018555,185.4261474609375,-1.0
42,16.521318435668945,-83,-43.78168869018555,185.6688232421875,-1.0
42,16.521318435668945,-83,-43.78168869018555,185.65118408203125,-1.0
42,16.521318435668945,-83,-43.78168869018555,185.5882568359375,-1.0
42,16.521318435668945,-83,-43.78168869018555,185.63153076171875,-1.0
42,16.521318435668945,-83,-43.78168869018555,185.12298583984375,-1.0
42,16.521318435668945,-83,-43.78168869018555,185.64306640625,-1.0
42,16.521318435668945,-83,-43.78168869018555,185.598876953125,-1.0
42,16.521318435668945,-83,-43.78168869018555,185.9608154296875,-1.0
42,16.521318435668945,-83,-43.78168869018555,185.56781005859375,-1.0
42,16.521318435668945,-83,-43.78168869018555,185.31756591796875,-1.0
42,16.521318435668945,-83,-43.78168869018555,185.68548583984375,-1.0
42,16.521318435668945,-83,-43.78168869018555,185.7603759765625,-1.0
42,16.521318435668945,-83,-43.78168869018555,185.97216796875,-1.0
42,16.521318435668945,-83,-43.78168869018555,185.62158203125,-1.0
42,16.521318435668945,-83,-43.78168869018555,185.5965576171875,-1.0
42,16.521318435668945,-83,-43.78168869018555,185.3690185546875,-1.0
42,16.521318435668945,-83,-43.78168869018555,185.59539794921875,-1.0
42,16.521318435668945,-83,-43.78168869018555,185.741943359375,-1.0
42,16.521318435668945,-83,-43.78168869018555,185.67779541015625,-1.0
42,16.521318435668945,-83,-43.78168869018555,185.465576171875,-1.0
42,16.521318435668945,-83,-43.78168869018555,185.749267578125,-1.0
42,16.521318435668945,-83,-43.78168869018555,185.6458740234375,-1.0
42,16.521318435668945,-83,-43.78168869018555,185.396484375,-1.0
42,16.521318435668945,-83,-43.78168869018555,185.684814453125,-1.0
42,16.521318435668945,-83,-43.78168869018555,185.5423583984375,-1.0
42,16.521318435668945,-83,-43.78168869018555,186.3507080078125,-1.0
42,16.521318435668945,-83,-43.78168869018555,185.661376953125,-1.0
42,16.521318435668945,-83,-43.78168869018555,185.7149658203125,-1.0
42,16.521318435668945,-83,-43.78168869018555,185.83856201171875,-1.0
42,16.521318435668945,-83,-43.78168869018555,185.74798583984375,-1.0
42,16.521318435668945,-83,-43.78168869018555,185.96923828125,-1.0
42,16.521318435668945,-83,-43.78168869018555,186.075927734375,-1.0
42,16.521318435668945,-83,-43.78168869018555,185.71337890625,-1.0
42,16.521318435668945,-83,-43.78168869018555,185.72418212890625,-1.0
42,16.521318435668945,-83,-43.78168869018555,185.79339599609375,-1.0
42,16.521318435668945,-83,-43.78168869018555,185.62396240234375,-1.0
42,16.521318435668945,-83,-43.78168869018555,185.712890625,-1.0
42,16.521318435668945,-83,-43.78168869018555,185.65106201171875,-1.0
42,16.521318435668945,-83,-43.78168869018555,185.9544677734375,-1.0
42,16.521318435668945,-83,-43.78168869018555,185.7734375,-1.0
42,16.521318435668945,-83,-43.78168869018555,185.55743408203125,-1.0
42,16.521318435668945,-83,-43.78168869018555,185.7369384765625,-1.0
42,16.521318435668945,-83,-43.78168869018555,185.61956787109375,-1.0
42,16.521318435668945,-83,-43.78168869018555,186.1319580078125,-1.0
42,16.521318435668945,-83,-43.78168869018555,185.8804931640625,-1.0
42,16.521318435668945,-83,-43.78168869018555,185.6524658203125,-1.0
42,16.521318435668945,-83,-43.78168869018555,185.8812255859375,-1.0
42,16.521318435668945,-83,-43.78168869018555,185.72607421875,-1.0
42,16.521318435668945,-83,-43.78168869018555,185.70733642578125,-1.0
42,16.521318435668945,-83,-43.78168869018555,185.8935546875,-1.0
42,16.521318435668945,-83,-43.78168869018555,185.93084716796875,-1.0
42,16.521318435668945,-83,-43.78168869018555,185.7601318359375,-1.0
42,16.521318435668945,-83,-43.78168869018555,185.5728759765625,-1.0
42,16.521318435668945,-83,-43.78168869018555,185.617431640625,-1.0
42,16.521318435668945,-83,-43.78168869018555,185.84405517578125,-1.0
42,16.521318435668945,-83,-43.78168869018555,185.78466796875,-1.0
42,16.521318435668945,-83,-43.78168869018555,185.8553466796875,-1.0
42,16.521318435668945,-83,-43.78168869018555,185.72332763671875,-1.0
42,16.521318435668945,-83,-43.78168869018555,185.606689453125,-1.0
42,16.521318435668945,-83,-43.78168869018555,185.58795166015625,-1.0
42,16.521318435668945,-83,-43.78168869018555,185.77398681640625,-1.0
42,16.521318435668945,-83,-43.78168869018555,186.794677734375,-1.0
42,16.521318435668945,-83,-43.78168869018555,186.44561767578125,-1.0
42,16.521318435668945,-83,-43.78168869018555,185.94476318359375,-1.0
42,16.521318435668945,-83,-43.78168869018555,185.87939453125,-1.0
42,16.521318435668945,-83,-43.78168869018555,186.1480712890625,-1.0
42,16.521318435668945,-83,-43.78168869018555,186.01971435546875,-1.0
42,16.521318435668945,-83,-43.78168869018555,185.8453369140625,-1.0
42,16.521318435668945,-83,-43.78168869018555,185.8497314453125,-1.0
42,16.521318435668945,-83,-43.78168869018555,185.97711181640625,-1.0
42,16.521318435668945,-83,-43.78168869018555,185.82537841796875,-1.0
42,16.521318435668945,-83,-43.78168869018555,184.80340576171875,-1.0
42,16.521318435668945,-83,-43.78168869018555,185.45391845703125,-1.0
42,16.521318435668945,-83,-43.78168869018555,185.2659912109375,-1.0
42,16.521318435668945,-83,-43.78168869018555,185.22021484375,-1.0
42,16.521318435668945,-83,-43.78168869018555,185.3839111328125,-1.0
42,16.521318435668945,-83,-43.78168869018555,185.2275390625,-1.0
42,16.521318435668945,-83,-43.78168869018555,185.65789794921875,-1.0
42,16.521318435668945,-83,-43.78168869018555,185.49127197265625,-1.0
42,16.521318435668945,-83,-43.78168869018555,185.42919921875,-1.0
42,16.521318435668945,-83,-43.78168869018555,185.29095458984375,-1.0
42,16.521318435668945,-83,-43.78168869018555,185.100830078125,-1.0
42,16.521318435668945,-83,-43.78168869018555,185.04266357421875,-1.0
42,16.521318435668945,-83,-43.78168869018555,185.422607421875,-1.0
42,16.521318435668945,-83,-43.78168869018555,185.43377685546875,-1.0
42,16.521318435668945,-83,-43.78168869018555,185.40966796875,-1.0
42,16.521318435668945,-83,-43.78168869018555,185.22833251953125,-1.0
42,16.521318435668945,-83,-43.78168869018555,185.47381591796875,-1.0
42,16.521318435668945,-83,-43.78168869018555,185.00823974609375,-1.0
42,16.521318435668945,-83,-43.78168869018555,185.60797119140625,-1.0
42,16.521318435668945,-83,-43.78168869018555,185.41766357421875,-1.0
42,16.521318435668945,-83,-43.78168869018555,185.3603515625,-1.0
42,16.521318435668945,-83,-43.78168869018555,185.2672119140625,-1.0
42,16.521318435668945,-83,-43.78168869018555,185.02972412109375,-1.0
42,16.521318435668945,-83,-43.78168869018555,184.986083984375,-1.0
42,16.521318435668945,-83,-43.78168869018555,185.2249755859375,-1.0
42,16.521318435668945,-83,-43.78168869018555,185.4376220703125,-1.0
42,16.521318435668945,-83,-43.78168869018555,185.3505859375,-1.0
42,16.521318435668945,-83,-43.78168869018555,185.357421875,-1.0
42,16.521318435668945,-83,-43.78168869018555,185.2178955078125,-1.0
42,16.521318435668945,-83,-43.78168869018555,185.3609619140625,-1.0
42,16.521318435668945,-83,-43.78168869018555,185.3055419921875,-1.0
42,16.521318435668945,-83,-43.78168869018555,185.29425048828125,-1.0
42,16.521318435668945,-83,-43.78168869018555,185.49114990234375,-1.0
42,16.521318435668945,-83,-43.78168869018555,185.487548828125,-1.0
42,16.521318435668945,-83,-43.78168869018555,183.6729736328125,-1.0
42,16.521318435668945,-83,-43.78168869018555,188.1217041015625,-1.0
42,16.521318435668945,-83,-43.78168869018555,187.46502685546875,-1.0
42,16.521318435668945,-83,-43.78168869018555,187.93817138671875,-1.0
42,16.521318435668945,-83,-43.78168869018555,187.66375732421875,-1.0
42,16.521318435668945,-83,-43.78168869018555,187.513427734375,-1.0
42,16.521318435668945,-83,-43.78168869018555,187.7652587890625,-1.0
42,16.521318435668945,-83,-43.78168869018555,189.0614013671875,-1.0
42,16.521318435668945,-83,-43.78168869018555,190.47955322265625,-1.0
42,16.521318435668945,-83,-43.78168869018555,190.6348876953125,-1.0
42,16.521318435668945,-83,-43.78168869018555,190.7470703125,-1.0
42,16.521318435668945,-83,-43.78168869018555,191.1436767578125,-1.0
42,16.521318435668945,-83,-43.78168869018555,191.0596923828125,-1.0
42,16.521318435668945,-83,-43.78168869018555,191.12353515625,-1.0
42,16.521318435668945,-83,-43.78168869018555,190.7698974609375,-1.0
42,16.521318435668945,-83,-43.78168869018555,191.1552734375,-1.0
42,16.521318435668945,-83,-43.78168869018555,191.107177734375,-1.0
42,16.521318435668945,-83,-43.78168869018555,191.30023193359375,-1.0
42,16.521318435668945,-83,-43.78168869018555,190.7340087890625,-1.0
42,16.521318435668945,-83,-43.78168869018555,191.0030517578125,-1.0
42,16.521318435668945,-83,-43.78168869018555,191.13409423828125,-1.0
42,16.521318435668945,-83,-43.78168869018555,191.07965087890625,-1.0
42,16.521318435668945,-83,-43.78168869018555,191.17523193359375,-1.0
42,16.521318435668945,-83,-43.78168869018555,191.0216064453125,-1.0
42,16.521318435668945,-83,-43.78168869018555,191.0179443359375,-1.0
42,16.521318435668945,-83,-43.78168869018555,191.0894775390625,-1.0
42,16.521318435668945,-83,-43.78168869018555,190.74200439453125,-1.0
42,16.521318435668945,-83,-43.78168869018555,191.0855712890625,-1.0
42,16.521318435668945,-83,-43.78168869018555,191.30743408203125,-1.0
42,16.521318435668945,-83,-43.78168869018555,190.86651611328125,-1.0
42,16.521318435668945,-83,-43.78168869018555,190.85992431640625,-1.0
42,16.521318435668945,-83,-43.78168869018555,191.2840576171875,-1.0
42,16.521318435668945,-83,-43.78168869018555,190.9083251953125,-1.0
42,16.521318435668945,-83,-43.78168869018555,190.87872314453125,-1.0
42,16.521318435668945,-83,-43.78168869018555,191.11895751953125,-1.0
42,16.521318435668945,-83,-43.78168869018555,191.1046142578125,-1.0
42,16.521318435668945,-83,-43.78168869018555,191.173095703125,-1.0
42,16.521318435668945,-83,-43.78168869018555,191.1434326171875,-1.0
42,16.521318435668945,-83,-43.78168869018555,191.03399658203125,-1.0
42,16.521318435668945,-83,-43.78168869018555,190.87640380859375,-1.0
42,16.521318435668945,-83,-43.78168869018555,191.1470947265625,-1.0
42,16.521318435668945,-83,-43.78168869018555,191.06085205078125,-1.0
42,16.521318435668945,-83,-43.78168869018555,190.70947265625,-1.0
42,16.521318435668945,-83,-43.78168869018555,191.0159912109375,-1.0
42,16.521318435668945,-83,-43.78168869018555,191.21563720703125,-1.0
42,16.521318435668945,-83,-43.78168869018555,191.29638671875,-1.0
42,16.521318435668945,-83,-43.78168869018555,191.18603515625,-1.0
42,16.521318435668945,-83,-43.78168869018555,191.17431640625,-1.0
42,16.521318435668945,-83,-43.78168869018555,190.95562744140625,-1.0
42,16.521318435668945,-83,-43.78168869018555,191.2103271484375,-1.0
42,16.521318435668945,-83,-43.78168869018555,191.47265625,-1.0
42,16.521318435668945,-83,-43.78168869018555,191.323486328125,-1.0
42,16.521318435668945,-83,-43.78168869018555,191.332275390625,-1.0
42,16.521318435668945,-83,-43.78168869018555,191.01611328125,-1.0
42,16.521318435668945,-83,-43.78168869018555,190.91253662109375,-1.0
42,16.521318435668945,-83,-43.78168869018555,191.0855712890625,-1.0
42,16.521318435668945,-83,-43.78168869018555,191.151123046875,-1.0
42,16.521318435668945,-83,-43.78168869018555,191.232666015625,-1.0
42,16.521318435668945,-83,-43.78168869018555,190.8526611328125,-1.0
42,16.521318435668945,-83,-43.78168869018555,191.072265625,-1.0
42,16.521318435668945,-83,-43.78168869018555,190.99505615234375,-1.0
42,16.521318435668945,-83,-43.78168869018555,191.220458984375,-1.0
42,16.521318435668945,-83,-43.78168869018555,191.14227294921875,-1.0
42,16.521318435668945,-83,-43.78168869018555,190.77996826171875,-1.0
42,16.521318435668945,-83,-43.78168869018555,190.9156494140625,-1.0
42,16.521318435668945,-83,-43.78168869018555,191.035400390625,-1.0
42,16.521318435668945,-83,-43.78168869018555,191.3017578125,-1.0
42,16.521318435668945,-83,-43.78168869018555,191.0947265625,-1.0
42,16.521318435668945,-83,-43.78168869018555,190.91595458984375,-1.0
42,16.521318435668945,-83,-43.78168869018555,191.10498046875,-1.0
42,16.521318435668945,-83,-43.78168869018555,191.308349609375,-1.0
42,16.521318435668945,-83,-43.78168869018555,191.0423583984375,-1.0
42,16.521318435668945,-83,-43.78168869018555,191.0494384765625,-1.0
42,16.521318435668945,-83,-43.78168869018555,191.90216064453125,-1.0
42,16.521318435668945,-83,-43.78168869018555,191.71014404296875,-1.0
42,16.521318435668945,-83,-43.78168869018555,191.83770751953125,-1.0
42,16.521318435668945,-83,-43.78168869018555,191.661865234375,-1.0
42,16.521318435668945,-83,-43.78168869018555,191.78948974609375,-1.0
42,16.521318435668945,-83,-43.78168869018555,191.55572509765625,-1.0
42,16.521318435668945,-83,-43.78168869018555,191.69146728515625,-1.0
42,16.521318435668945,-83,-43.78168869018555,191.813720703125,-1.0
42,16.521318435668945,-83,-43.78168869018555,191.80523681640625,-1.0
42,16.521318435668945,-83,-43.78168869018555,191.51263427734375,-1.0
42,16.521318435668945,-83,-43.78168869018555,191.5679931640625,-1.0
42,16.521318435668945,-83,-43.78168869018555,191.617431640625,-1.0
42,16.521318435668945,-83,-43.78168869018555,191.50872802734375,-1.0
42,16.521318435668945,-83,-43.78168869018555,191.45050048828125,-1.0
42,16.521318435668945,-83,-43.78168869018555,191.7064208984375,-1.0
42,16.521318435668945,-83,-43.78168869018555,191.52569580078125,-1.0
42,16.521318435668945,-83,-43.78168869018555,191.66912841796875,-1.0
42,16.521318435668945,-83,-43.78168869018555,191.89056396484375,-1.0
42,16.521318435668945,-83,-43.78168869018555,191.507080078125,-1.0
42,16.521318435668945,-83,-43.78168869018555,191.44464111328125,-1.0
42,16.521318435668945,-83,-43.78168869018555,191.19830322265625,-1.0
42,16.521318435668945,-83,-43.78168869018555,191.83868408203125,-1.0
42,16.521318435668945,-83,-43.78168869018555,191.7713623046875,-1.0
42,16.521318435668945,-83,-43.78168869018555,191.5205078125,-1.0
